scrape_ts_utc,location_code,station_code,rental_bikes,open,fetch_time
2026-09-23T09:30:12Z,utt001,UTT,6,Yes,1790155760
2026-09-23T09:30:12Z,bmn001,BMN,12,Yes,1790155760
2026-09-23T09:30:12Z,ztm002,ZTM,11,Yes,1790155760
2026-09-23T09:30:12Z,eml001,EML,4,Unknown,1790155760
2026-09-23T09:30:12Z,Rvs001,RVS,6,Yes,1790155760
2026-09-23T09:30:12Z,nmgo001,NMGO,5,Yes,1790155760
2026-09-23T09:30:12Z,lc001,LC,7,Yes,1790155760
2026-09-23T09:30:12Z,Zh001,ZH,6,Yes,1790155760
2026-09-23T09:30:12Z,bgn002,BGN,9,Yes,1790155760
2026-09-23T09:30:12Z,odz001,ODZ,9,Yes,1790155760
2026-09-23T09:30:12Z,ck001,CK,7,Yes,1790155760
2026-09-23T09:30:12Z,klp001,KLP,0,Yes,1790155760
2026-09-23T09:30:12Z,vhp001,VHP,6,Yes,1790155760
2026-09-23T09:30:12Z,bet001,BET,13,Yes,1790155760
2026-09-23T09:30:12Z,asb002,ASB,0,Yes,1790155760
2026-09-23T09:30:12Z,btl004,BTL,0,Yes,1765384590
2026-09-23T09:30:12Z,ypb001,YPB,8,Yes,1790155760
2026-09-23T09:30:12Z,htnc001,HTNC,20,Yes,1790155760
2026-09-23T09:30:12Z,vh001,VH,6,Yes,1790155760
2026-09-23T09:30:12Z,tbr001,TBR,2,Yes,1790155760
2026-09-23T09:30:12Z,zwd003,ZWD,9,Yes,1790155760
2026-09-23T09:30:12Z,ut007,BSLC,0,Yes,1790155760
2026-09-23T09:30:12Z,gv001,GV,85,Yes,1790155760
2026-09-23T09:30:12Z,hwd003,HWD,6,Yes,1790155760
2026-09-23T09:30:12Z,gerp002,GERP,12,Yes,1790155760
2026-09-23T09:30:12Z,dv003,BSLC,0,Yes,1790155760
2026-09-23T09:30:12Z,Ow002,BSLC,7,Yes,1790155760
2026-09-23T09:30:12Z,dv001,DV,56,Yes,1790155760
2026-09-23T09:30:12Z,ledn002,LEDN,0,Yes,1790155760
2026-09-23T09:30:12Z,hmbv001,HMBV,8,Yes,1790155760
2026-09-23T09:30:12Z,hdrz001,HDRZ,5,Yes,1790155760
2026-09-23T09:30:12Z,cas002,CAS,23,Yes,1790155760
2026-09-23T09:30:12Z,Rtn003,RTN,,Yes,1781535386
2026-09-23T09:30:12Z,sk001,SK,7,Yes,1790155760
2026-09-23T09:30:12Z,Gp001,GP,1,Yes,1790155760
2026-09-23T09:30:12Z,odb001,ODB,2,Yes,1790155760
2026-09-23T09:30:12Z,ana001,ANA,6,Yes,1790155760
2026-09-23T09:30:12Z,gs003,GS,12,Yes,1790155760
2026-09-23T09:30:12Z,amfs001,AMFS,1,Yes,1790155760
2026-09-23T09:30:12Z,rsd002,RSD,19,Yes,1790155760
2026-09-23T09:30:12Z,ah003,AH,0,Yes,1790155760
2026-09-23T09:30:12Z,gz001,GZ,0,Yes,1790155760
2026-09-23T09:30:12Z,hwzb001,HWZB,4,Yes,1790155760
2026-09-23T09:30:12Z,hnk001,HNK,4,Yes,1790155760
2026-09-23T09:30:12Z,hn001,HN,11,Yes,1790155760
2026-09-23T09:30:12Z,bsk001,BSK,6,Yes,1790155760
2026-09-23T09:30:12Z,rsn001,RSN,7,Yes,1790155760
2026-09-23T09:30:12Z,sd001,SD,7,Yes,1790155760
2026-09-23T09:30:12Z,vl001,VL,14,Yes,1790155760
2026-09-23T09:30:12Z,omn001,OMN,4,Yes,1790155760
2026-09-23T09:30:12Z,cl003,CL,15,Yes,1790155760
2026-09-23T09:30:12Z,Gnn001,GNN,5,Yes,1790155760
2026-09-23T09:30:12Z,ehs001,EHS,1,Yes,1790155760
2026-09-23T09:30:12Z,hlms001,HLMS,2,Yes,1790155760
2026-09-23T09:30:12Z,vb002,VB,13,Yes,1790155760
2026-09-23T09:30:12Z,stz001,STZ,9,Yes,1790155760
2026-09-23T09:30:12Z,HRN002,HRN,0,Unknown,1785147131
2026-09-23T09:30:12Z,hor001,HOR,10,Yes,1790155760
2026-09-23T09:30:12Z,mz001,MZ,3,Yes,1790155760
2026-09-23T09:30:12Z,mtr001,MTR,6,Yes,1790155760
2026-09-23T09:30:12Z,asdm001,ASDM,13,Yes,1790155760
2026-09-23T09:30:12Z,dr001,DR,9,Yes,1790155760
2026-09-23T09:30:12Z,wf001,WF,1,Yes,1790155760
2026-09-23T09:30:12Z,mes001,MES,6,Yes,1790155760
2026-09-23T09:30:12Z,mss001,BSLC,4,Yes,1790155760
2026-09-23T09:30:12Z,wp001,WP,9,Yes,1790155760
2026-09-23T09:30:12Z,vlb001,VLB,5,Yes,1790155760
2026-09-23T09:30:12Z,ass001,ASS,2,Yes,1790155760
2026-09-23T09:30:12Z,gr001,GR,0,Yes,1790155760
2026-09-23T09:30:12Z,rta001,RTA,0,Yes,1790155760
2026-09-23T09:30:12Z,vk001,VK,7,Yes,1790155760
2026-09-23T09:30:12Z,ww001,WW,6,Yes,1790155760
2026-09-23T09:30:12Z,bll001,BLL,8,Yes,1790155760
2026-09-23T09:30:12Z,etn001,ETN,0,Yes,1790155760
2026-09-23T09:30:12Z,nkk001,NKK,0,Unknown,1790155760
2026-09-23T09:30:12Z,aml002,AML,5,Yes,1790155760
2026-09-23T09:30:12Z,Co002,CO,6,Unknown,1790155760
2026-09-23T09:30:12Z,ledn001,LEDN,4,Yes,1790155760
2026-09-23T09:30:12Z,pmo001,PMO,2,Yes,1790155760
2026-09-23T09:30:12Z,lls003,LLS,1,Yes,1790155760
2026-09-23T09:30:12Z,Cps003,CPS,2,Unknown,1790155760
2026-09-23T09:30:12Z,ut016,UT,102,Yes,1790155760
2026-09-23T09:30:12Z,zl003,ZL,11,Yes,1790155760
2026-09-23T09:30:12Z,hon001,HON,11,Yes,1790155760
2026-09-23T09:30:12Z,wh001,WH,5,Yes,1790155760
2026-09-23T09:30:12Z,bdpb001,BDPB,1,Yes,1790155760
2026-09-23T09:30:12Z,zl004,ZL,114,Yes,1790155760
2026-09-23T09:30:12Z,nm001,NM,119,Yes,1790155760
2026-09-23T09:30:12Z,bkg001,BKG,7,Yes,1790155760
2026-09-23T09:30:12Z,db003,DB,10,Yes,1790155760
2026-09-23T09:30:12Z,db002,BSLC,0,Yes,1767222464
2026-09-23T09:30:12Z,db001,DB,29,Yes,1790155760
2026-09-23T09:30:12Z,ec001,EC,1,Yes,1790155760
2026-09-23T09:30:12Z,dl001,DL,5,Yes,1790155760
2026-09-23T09:30:12Z,Bmr001,BMR,8,Yes,1790155760
2026-09-23T09:30:12Z,rtd906,BSLC,0,Yes,1767222464
2026-09-23T09:30:12Z,rtb001,RTB,11,Yes,1790155760
2026-09-23T09:30:12Z,Ns001,NS,0,Unknown,1790155760
2026-09-23T09:30:12Z,mtn001,MTN,3,Yes,1790155760
2026-09-23T09:30:12Z,dtch001,DTCH,4,Yes,1790155760
2026-09-23T09:30:12Z,488,RTN,,Yes,1780666826
2026-09-23T09:30:12Z,ddn001,DDN,4,Yes,1790155760
2026-09-23T09:30:12Z,wp901,WP,0,Yes,1790155760
2026-09-23T09:30:12Z,Zlw001,ZLW,0,Yes,1790155760
2026-09-23T09:30:12Z,hglg001,HGLG,5,Yes,1790155760
2026-09-23T09:30:12Z,bdg001,BDG,2,Yes,1790155760
2026-09-23T09:30:12Z,hlo001,HLO,21,Yes,1790155760
2026-09-23T09:30:12Z,uto002,UTO,24,Yes,1790155760
2026-09-23T09:30:12Z,hvsp001,HVSP,0,Yes,1790155760
2026-09-23T09:30:12Z,dtz001,DTZ,0,Yes,1790155760
2026-09-23T09:30:12Z,Vg001,VG,2,Yes,1790155760
2026-09-23T09:30:12Z,asdz001,ASDZ,48,Yes,1790155760
2026-09-23T09:30:12Z,hk001,HK,2,Yes,1790155760
2026-09-23T09:30:12Z,asdz003,ASDZ,0,Yes,1790155760
2026-09-23T09:30:12Z,utzl001,UTZL,0,Yes,1790155760
2026-09-23T09:30:12Z,apn001,APN,13,Yes,1790155760
2026-09-23T09:30:12Z,UTVR001,UTVR,35,Yes,1790155760
2026-09-23T09:30:12Z,vz001,VZ,2,Yes,1790155760
2026-09-23T09:30:12Z,hd001,HD,27,Yes,1790155760
2026-09-23T09:30:12Z,ehv004,EHV,107,No,1761606650
2026-09-23T09:30:12Z,vndc002,VNDC,1,Yes,1790155760
2026-09-23T09:30:12Z,ehv002,EHV,3,Yes,1790155760
2026-09-23T09:30:12Z,ws001,WS,7,Yes,1790155760
2026-09-23T09:30:12Z,ovn001,OVN,3,Yes,1790155760
2026-09-23T09:30:12Z,Btl003,BSLC,4,Yes,1785147963
2026-09-23T09:30:12Z,Rtn002,RTN,3,Yes,1790155760
2026-09-23T09:30:12Z,ndb003,NDB,12,Yes,1790155760
2026-09-23T09:30:12Z,wd001,WD,2,Yes,1790155760
2026-09-23T09:30:12Z,ht001,HT,83,Yes,1790155760
2026-09-23T09:30:12Z,brn002,BRN,3,Yes,1790155760
2026-09-23T09:30:12Z,ht002,BSLC,5,Yes,1785147131
2026-09-23T09:30:12Z,krd001,KRD,6,Yes,1790155760
2026-09-23T09:30:12Z,vndw001,VNDW,6,Yes,1790155760
2026-09-23T09:30:12Z,atn001,ATN,11,Yes,1790155760
2026-09-23T09:30:12Z,hlm002,HLM,37,Yes,1790155760
2026-09-23T09:30:12Z,bhv002,BHV,4,Yes,1790155760
2026-09-23T09:30:12Z,pmr001,PMR,6,Yes,1790155760
2026-09-23T09:30:12Z,hdb001,HDB,5,Yes,1790155760
2026-09-23T09:30:12Z,ut021,UT,5,Yes,1790155760
2026-09-23T09:30:12Z,bv002,BV,13,Yes,1790155760
2026-09-23T09:30:12Z,btl001,BTL,11,Yes,1790155760
2026-09-23T09:30:12Z,Hgz001,HGZ,3,Yes,1790155760
2026-09-23T09:30:12Z,sptn001,SPTN,9,Yes,1790155760
2026-09-23T09:30:12Z,avat001,AVAT,4,Yes,1790155760
2026-09-23T09:30:12Z,rm001,RM,35,Yes,1790155760
2026-09-23T09:30:12Z,WM002,WM,2,Unknown,1790155760
2026-09-23T09:30:12Z,kma001,KMA,10,Yes,1790155760
2026-09-23T09:30:12Z,hrl002,HRL,4,Yes,1790155760
2026-09-23T09:30:12Z,rs001,RS,9,Yes,1790155760
2026-09-23T09:30:12Z,ut905,BSLC,10,Yes,1790155760
2026-09-23T09:30:12Z,ut904,BSLC,7,Yes,1790155760
2026-09-23T09:30:12Z,ut906,BSLC,5,Yes,1790155760
2026-09-23T09:30:12Z,ut901,BSLC,0,Yes,1765807654
2026-09-23T09:30:12Z,ah001,AH,97,Yes,1790155760
2026-09-23T09:30:12Z,hfd002,HFD,10,Yes,1790155760
2026-09-23T09:30:12Z,amr001,AMR,52,Yes,1790155760
2026-09-23T09:30:12Z,sgn001,SGN,10,Yes,1790155760
2026-09-23T09:30:12Z,rtd001,RTD,250,Yes,1790155760
2026-09-23T09:30:12Z,tbu001,TBU,6,Yes,1790155760
2026-09-23T09:30:12Z,dvc001,DVC,7,Yes,1790155760
2026-09-23T09:30:12Z,gdg001,GDG,2,Yes,1790155760
2026-09-23T09:30:12Z,laa001,LAA,3,Yes,1790155760
2026-09-23T09:30:12Z,60,RTN,8,Yes,1786226813
2026-09-23T09:30:12Z,dt002,DT,111,Yes,1790155760
2026-09-23T09:30:12Z,utg001,UTG,9,Yes,1790155760
2026-09-23T09:30:12Z,hdr002,HDR,1,Yes,1790155760
2026-09-23T09:30:12Z,amrn002,AMRN,12,Yes,1790155760
2026-09-23T09:30:12Z,gvc901,BSLC,0,Yes,1767222464
2026-09-23T09:30:12Z,htn001,HTN,5,Yes,1790155760
2026-09-23T09:30:12Z,swk002,SWK,10,Yes,1790155760
2026-09-23T09:30:12Z,hgv003,HGV,2,Yes,1790155760
2026-09-23T09:30:12Z,zp001,ZP,40,Yes,1790155760
2026-09-23T09:30:12Z,Mth002,MTH,6,Unknown,1790155760
2026-09-23T09:30:12Z,Bd003,BD,46,Yes,1790155760
2026-09-23T09:30:12Z,gvm001,GVM,7,Yes,1790155760
2026-09-23T09:30:12Z,vry001,VRY,5,Yes,1790155760
2026-09-23T09:30:12Z,bnn001,BNN,10,Yes,1790155760
2026-09-23T09:30:12Z,zbm002,ZBM,10,Yes,1790155760
2026-09-23T09:30:12Z,rat001,RAT,6,Yes,1790155760
2026-09-23T09:30:12Z,sdm002,SDM,8,Yes,1790155760
2026-09-23T09:30:12Z,bn001,BN,12,Yes,1790155760
2026-09-23T09:30:12Z,wm002,WM,12,Unknown,1773224374
2026-09-23T09:30:12Z,Zvb001,ZVB,4,Yes,1790155760
2026-09-23T09:30:12Z,drh001,DRH,5,Yes,1790155760
2026-09-23T09:30:12Z,hmbh001,HMBH,1,Yes,1790155760
2026-09-23T09:30:12Z,Vss002,VSS,6,Unknown,1790155760
2026-09-23T09:30:12Z,nmh001,NMH,1,Yes,1790155760
2026-09-23T09:30:12Z,brd002,BRD,15,Yes,1790155760
2026-09-23T09:30:12Z,rh001,RH,8,Yes,1790155760
2026-09-23T09:30:12Z,gvc021,GVC,163,Yes,1790155760
2026-09-23T09:30:12Z,bd002,BD,4,Yes,1790155760
2026-09-23T09:30:12Z,asd008,ASD,143,Yes,1790155760
2026-09-23T09:30:12Z,asd009,BSLC,7,Yes,1790155760
2026-09-23T09:30:12Z,obd001,OBD,7,Yes,1790155760
2026-09-23T09:30:12Z,tl003,TL,2,Yes,1790155760
2026-09-23T09:30:12Z,gn004,GN,7,Yes,1790155760
2026-09-23T09:30:12Z,ow001,OW,5,Yes,1790155760
2026-09-23T09:30:12Z,gn001,GN,137,Yes,1790155760
2026-09-23T09:30:12Z,emn001,EMN,1,Unknown,1790155760
2026-09-23T09:30:12Z,utl001,UTLN,1,Yes,1790155760
2026-09-23T09:30:12Z,zvt001,ZVT,12,Yes,1790155760
2026-09-23T09:30:12Z,ehv003,EHV,0,Yes,1790155760
2026-09-23T09:30:12Z,mt001,MT,90,Yes,1790155760
2026-09-23T09:30:12Z,mt003,MT,15,Yes,1790155760
2026-09-23T09:30:12Z,pt001,PT,2,Yes,1790155760
2026-09-23T09:30:12Z,hr002,HR,4,Yes,1790155760
2026-09-23T09:30:12Z,kpn003,KPN,14,Yes,1790155760
2026-09-23T09:30:12Z,Arn002,ARN,4,Unknown,1790155760
2026-09-23T09:30:12Z,Vdm001,VDM,9,Yes,1790155760
2026-09-23T09:30:12Z,did001,DID,8,Yes,1790155760
2026-09-23T09:30:12Z,gd001,GD,40,Yes,1790155760
2026-09-23T09:30:12Z,had003,HAD,13,Yes,1790155760
2026-09-23T09:30:12Z,Rtd003,BSLC,1,Yes,1790155760
2026-09-23T09:30:12Z,Rtd004,BSLC,1,Yes,1790155760
2026-09-23T09:30:12Z,ekz001,EKZ,10,Unknown,1790155760
2026-09-23T09:30:12Z,nvd001,NVD,0,Yes,1785147131
2026-09-23T09:30:12Z,hrt001,HRT,5,Yes,1790155760
2026-09-23T09:30:12Z,go001,GO,5,Yes,1790155760
2026-09-23T09:30:12Z,GR002 ,BSLC,3,Yes,1785147131
2026-09-23T09:30:12Z,bnc001,BNC,0,Yes,1790155760
2026-09-23T09:30:12Z,ztmo001,ZTMO,4,Yes,1790155760
2026-09-23T09:30:12Z,Ot001,OT,5,Yes,1790155760
2026-09-23T09:30:12Z,dvd001,DVD,0,Yes,1785147131
2026-09-23T09:30:12Z,hmh001,HMH,7,Yes,1790155760
2026-09-23T09:30:12Z,DRON001,DRON,11,Yes,1790155760
2026-09-23T09:30:12Z,rtd907,BSLC,0,Yes,1767222464
2026-09-23T09:30:12Z,utlr001,UTLR,1,Yes,1790155760
2026-09-23T09:30:12Z,std002,STD,13,Yes,1790155760
2026-09-23T09:30:12Z,dmn001,DMN,1,Yes,1790155760
2026-09-23T09:30:12Z,asd010,ASD,233,Yes,1790155760
2026-09-23T09:30:12Z,zv001,ZV,9,Yes,1790155760
2026-09-23T09:30:12Z,hks001,HKS,7,Yes,1790155760
2026-09-23T09:30:12Z,wtv001,WTV,0,Yes,1790155760
2026-09-23T09:30:12Z,bsmz001,BSMZ,4,Yes,1790155760
2026-09-23T09:30:12Z,rai001,RAI,19,Yes,1790155760
2026-09-23T09:30:12Z,vp001,VP,0,Yes,1790155760
2026-09-23T09:30:12Z,lw001,LW,64,Yes,1790155760
2026-09-23T09:30:12Z,bnk001,BNK,7,Yes,1790155760
2026-09-23T09:30:12Z,mp002,MP,4,Yes,1790155760
2026-09-23T09:30:12Z,asa001,ASA,32,Yes,1790155760
2026-09-23T09:30:12Z,wt003,WT,7,Yes,1790155760
2026-09-23T09:30:12Z,ac002,AC,10,Unknown,1790155760
2026-09-23T09:30:12Z,o002,O,1,Yes,1790155760
2026-09-23T09:30:12Z,Dz001,DZ,3,Yes,1790155760
2026-09-23T09:30:12Z,ed901,BSLC,2,Yes,1790155760
2026-09-23T09:30:12Z,Wsm001,WSM,4,Yes,1790155760
2026-09-23T09:30:12Z,shl001,SHL,0,Yes,1790155760
2026-09-23T09:30:12Z,gdm001,GDM,0,Yes,1790155760
2026-09-23T09:30:12Z,asd002,ASD,59,Yes,1790155760
2026-09-23T09:30:12Z,vtn001,VTN,0,Yes,1790155760
2026-09-23T09:30:12Z,hvs001,HVS,78,Yes,1790155760
2026-09-23T09:30:12Z,Hde001,HDE,1,Yes,1790155760
2026-09-23T09:30:12Z,dvn001,DVN,8,Yes,1790155760
2026-09-23T09:30:12Z,tbg001,TBG,6,Yes,1790155760
2026-09-23T09:30:12Z,ddr001,DDR,47,Yes,1790155760
2026-09-23T09:30:12Z,vsv001,VSV,3,Yes,1790155760
2026-09-23T09:30:12Z,sptz001,SPTZ,6,Yes,1790155760
2026-09-23T09:30:12Z,tb003,TB,77,Yes,1790155760
2026-09-23T09:30:12Z,tb002,TB,9,Yes,1790155760
2026-09-23T09:30:12Z,bkl001,BKL,14,Yes,1790155760
2026-09-23T09:30:12Z,dvnk001,DVNK,5,Yes,1790155760
2026-09-23T09:30:12Z,bsd001,BSD,3,Yes,1790155760
2026-09-23T09:30:12Z,dn001,DN,3,Yes,1790155760
2026-09-23T09:30:12Z,rhn001,RHN,2,Yes,1790155760
2026-09-23T09:30:12Z,ztm003,ZTM,8,Yes,1790155760
2026-09-23T09:30:12Z,lg001,LG,2,Yes,1790155760
2026-09-23T09:30:12Z,hze001,HZE,3,Yes,1790155760
2026-09-23T09:30:12Z,Kpnz002,KPNZ,5,Unknown,1790155760
2026-09-23T09:30:12Z,ost001,OST,3,Yes,1790155760
2026-09-23T09:30:12Z,mas003,MAS,17,Yes,1790155760
2026-09-23T09:30:12Z,amf002,AMF,2,Yes,1790155760
2026-09-23T09:30:12Z,apd001,APD,100,Yes,1790155760
2026-09-23T09:30:12Z,amf001,AMF,0,Yes,1790155760
2026-09-23T09:30:12Z,hil001,HIL,9,Yes,1790155760
2026-09-23T09:30:12Z,ut020,UT,154,Yes,1790155760
2026-09-23T09:30:12Z,alm001,ALM,19,Yes,1790155760
2026-09-23T09:30:12Z,dtc001,DTC,4,Yes,1790155760
2026-09-23T09:30:12Z,ZD002,ZD,27,Yes,1790155760
2026-09-23T09:30:12Z,bl001,BL,2,Yes,1790155760
2026-09-23T09:30:12Z,dld001,DLD,1,Yes,1790155760
2026-09-23T09:30:12Z,Hto001,HTO,3,Yes,1790155760
2026-09-23T09:30:12Z,asn001,ASN,80,Yes,1790155760
2026-09-23T09:30:12Z,vs001,VS,12,Yes,1790155760
2026-09-23T09:30:12Z,es003,ES,73,Yes,1790155760
2026-09-23T09:30:12Z,hm001,HM,4,Yes,1790155760
2026-09-23T09:30:12Z,asdl001,ASDL,2,Yes,1790155760
2026-09-23T09:30:12Z,sdt001,SDT,2,Yes,1790155760
2026-09-23T09:30:12Z,vst001,VST,13,Yes,1790155760
2026-09-23T09:30:12Z,dmnz001,DMNZ,2,Yes,1790155760
2026-09-23T09:30:12Z,ktr001,KTR,0,Yes,1790155760
2026-09-23T09:30:12Z,Apg001,APG,6,Yes,1790155760
2026-09-23T09:30:12Z,rlb001,RLB,0,Yes,1790155760
2026-09-23T09:30:12Z,rv001,RV,3,Yes,1790155760
2026-09-23T09:30:12Z,ut903,BSLC,7,Yes,1790155760
2026-09-23T09:30:12Z,wc001,WC,2,Yes,1790155760
2026-09-23T09:30:12Z,est001,EST,3,Yes,1790155760
2026-09-23T09:30:12Z,ed004,ED,84,Yes,1790155760
2026-09-23T09:30:12Z,hgl002,HGL,12,Yes,1790155760
2026-09-23T09:30:12Z,rsw002,RSW,9,Yes,1790155760
2026-09-23T09:30:12Z,mdb002,MDB,7,Yes,1790155760
2026-09-23T09:30:12Z,Mmlh002,MMLH,2,Yes,1790155760
2026-09-23T13:51:09Z,utt001,UTT,7,Yes,1790171442
2026-09-23T13:51:09Z,bmn001,BMN,10,Yes,1790171442
2026-09-23T13:51:09Z,ztm002,ZTM,12,Yes,1790171442
2026-09-23T13:51:09Z,eml001,EML,3,Unknown,1790171442
2026-09-23T13:51:09Z,lc001,LC,6,Yes,1790171442
2026-09-23T13:51:09Z,bgn002,BGN,11,Yes,1790171442
2026-09-23T13:51:09Z,odz001,ODZ,8,Yes,1790171442
2026-09-23T13:51:09Z,ck001,CK,4,Yes,1790171442
2026-09-23T13:51:09Z,klp001,KLP,2,Yes,1790171442
2026-09-23T13:51:09Z,vhp001,VHP,5,Yes,1790171442
2026-09-23T13:51:09Z,bet001,BET,17,Yes,1790171442
2026-09-23T13:51:09Z,asb002,ASB,11,Yes,1790171442
2026-09-23T13:51:09Z,ypb001,YPB,6,Yes,1790171442
2026-09-23T13:51:09Z,htnc001,HTNC,22,Yes,1790171442
2026-09-23T13:51:09Z,vh001,VH,7,Yes,1790171442
2026-09-23T13:51:09Z,zwd003,ZWD,11,Yes,1790171442
2026-09-23T13:51:09Z,gv001,GV,83,Yes,1790171442
2026-09-23T13:51:09Z,hwd003,HWD,7,Yes,1790171442
2026-09-23T13:51:09Z,gerp002,GERP,20,Yes,1790171442
2026-09-23T13:51:09Z,dv001,DV,70,Yes,1790171442
2026-09-23T13:51:09Z,ledn002,LEDN,17,Yes,1790171442
2026-09-23T13:51:09Z,hmbv001,HMBV,7,Yes,1790171442
2026-09-23T13:51:09Z,cas002,CAS,31,Yes,1790171442
2026-09-23T13:51:09Z,sk001,SK,8,Yes,1790171442
2026-09-23T13:51:09Z,Gp001,GP,0,Yes,1790171442
2026-09-23T13:51:09Z,ana001,ANA,8,Yes,1790171442
2026-09-23T13:51:09Z,gs003,GS,6,Yes,1790171442
2026-09-23T13:51:09Z,amfs001,AMFS,6,Yes,1790171442
2026-09-23T13:51:09Z,rsd002,RSD,26,Yes,1790171442
2026-09-23T13:51:09Z,ah003,AH,7,Yes,1790171442
2026-09-23T13:51:09Z,gz001,GZ,3,Yes,1790171442
2026-09-23T13:51:09Z,hwzb001,HWZB,6,Yes,1790171442
2026-09-23T13:51:09Z,hnk001,HNK,6,Yes,1790171442
2026-09-23T13:51:09Z,rsn001,RSN,9,Yes,1790171442
2026-09-23T13:51:09Z,vl001,VL,17,Yes,1790171442
2026-09-23T13:51:09Z,omn001,OMN,6,Yes,1790171442
2026-09-23T13:51:09Z,cl003,CL,14,Yes,1790171442
2026-09-23T13:51:09Z,Gnn001,GNN,6,Yes,1790171442
2026-09-23T13:51:09Z,hlms001,HLMS,6,Yes,1790171442
2026-09-23T13:51:09Z,vb002,VB,18,Yes,1790171442
2026-09-23T13:51:09Z,stz001,STZ,11,Yes,1790171442
2026-09-23T13:51:09Z,hor001,HOR,12,Yes,1790171442
2026-09-23T13:51:09Z,mz001,MZ,2,Yes,1790171442
2026-09-23T13:51:09Z,mss001,BSLC,2,Yes,1790171442
2026-09-23T13:51:09Z,wp001,WP,2,Yes,1790171442
2026-09-23T13:51:09Z,ass001,ASS,31,Yes,1790171442
2026-09-23T13:51:09Z,rta001,RTA,3,Yes,1790171442
2026-09-23T13:51:09Z,vk001,VK,6,Yes,1790171442
2026-09-23T13:51:09Z,ww001,WW,7,Yes,1790171442
2026-09-23T13:51:09Z,bll001,BLL,10,Yes,1790171442
2026-09-23T13:51:09Z,nkk001,NKK,1,Unknown,1790171442
2026-09-23T13:51:09Z,aml002,AML,10,Yes,1790171442
2026-09-23T13:51:09Z,ledn001,LEDN,27,Yes,1790171442
2026-09-23T13:51:09Z,pmo001,PMO,7,Yes,1790171442
2026-09-23T13:51:09Z,lls003,LLS,9,Yes,1790171442
2026-09-23T13:51:09Z,Cps003,CPS,0,Unknown,1790171442
2026-09-23T13:51:09Z,ut016,UT,159,Yes,1790171442
2026-09-23T13:51:09Z,zl003,ZL,19,Yes,1790171442
2026-09-23T13:51:09Z,wh001,WH,6,Yes,1790171442
2026-09-23T13:51:09Z,bdpb001,BDPB,2,Yes,1790171442
2026-09-23T13:51:09Z,zl004,ZL,153,Yes,1790171442
2026-09-23T13:51:09Z,nm001,NM,133,Yes,1790171442
2026-09-23T13:51:09Z,db003,DB,15,Yes,1790171442
2026-09-23T13:51:09Z,db001,DB,44,Yes,1790171442
2026-09-23T13:51:09Z,dl001,DL,4,Yes,1790171442
2026-09-23T13:51:09Z,Bmr001,BMR,7,Yes,1790171442
2026-09-23T13:51:09Z,rtb001,RTB,1,Yes,1790171442
2026-09-23T13:51:09Z,dtch001,DTCH,3,Yes,1790171442
2026-09-23T13:51:09Z,ddn001,DDN,3,Yes,1790171442
2026-09-23T13:51:09Z,hglg001,HGLG,6,Yes,1790171442
2026-09-23T13:51:09Z,hlo001,HLO,22,Yes,1790171442
2026-09-23T13:51:09Z,uto002,UTO,22,Yes,1790171442
2026-09-23T13:51:09Z,hvsp001,HVSP,3,Yes,1790171442
2026-09-23T13:51:09Z,Vg001,VG,1,Yes,1790171442
2026-09-23T13:51:09Z,asdz001,ASDZ,66,Yes,1790171442
2026-09-23T13:51:09Z,hk001,HK,3,Yes,1790171442
2026-09-23T13:51:09Z,asdz003,ASDZ,4,Yes,1790171442
2026-09-23T13:51:09Z,utzl001,UTZL,1,Yes,1790171442
2026-09-23T13:51:09Z,apn001,APN,16,Yes,1790171442
2026-09-23T13:51:09Z,UTVR001,UTVR,66,Yes,1790171442
2026-09-23T13:51:09Z,vz001,VZ,3,Yes,1790171442
2026-09-23T13:51:09Z,hd001,HD,30,Yes,1790171442
2026-09-23T13:51:09Z,vndc002,VNDC,4,Yes,1790171442
2026-09-23T13:51:09Z,ehv002,EHV,28,Yes,1790171442
2026-09-23T13:51:09Z,ws001,WS,10,Yes,1790171442
2026-09-23T13:51:09Z,ovn001,OVN,2,Yes,1790171442
2026-09-23T13:51:09Z,Rtn002,RTN,7,Yes,1790171442
2026-09-23T13:51:09Z,ndb003,NDB,17,Yes,1790171442
2026-09-23T13:51:09Z,wd001,WD,6,Yes,1790171442
2026-09-23T13:51:09Z,ht001,HT,108,Yes,1790171442
2026-09-23T13:51:09Z,brn002,BRN,7,Yes,1790171442
2026-09-23T13:51:09Z,vndw001,VNDW,4,Yes,1790171442
2026-09-23T13:51:09Z,bhv002,BHV,15,Yes,1790171442
2026-09-23T13:51:09Z,pmr001,PMR,5,Yes,1790171442
2026-09-23T13:51:09Z,hdb001,HDB,7,Yes,1790171442
2026-09-23T13:51:09Z,ut021,UT,22,Yes,1790171442
2026-09-23T13:51:09Z,bv002,BV,14,Yes,1790171442
2026-09-23T13:51:09Z,btl001,BTL,13,Yes,1790171442
2026-09-23T13:51:09Z,Hgz001,HGZ,4,Yes,1790171442
2026-09-23T13:51:09Z,sptn001,SPTN,10,Yes,1790171442
2026-09-23T13:51:09Z,hrl002,HRL,2,Yes,1790171442
2026-09-23T13:51:09Z,rs001,RS,10,Yes,1790171442
2026-09-23T13:51:09Z,ut905,BSLC,11,Yes,1790171442
2026-09-23T13:51:09Z,ut904,BSLC,6,Yes,1790171442
2026-09-23T13:51:09Z,ah001,AH,156,Yes,1790171442
2026-09-23T13:51:09Z,hfd002,HFD,7,Yes,1790171442
2026-09-23T13:51:09Z,amr001,AMR,56,Yes,1790171442
2026-09-23T13:51:09Z,sgn001,SGN,13,Yes,1790171442
2026-09-23T13:51:09Z,rtd001,RTD,241,Yes,1790171442
2026-09-23T13:51:09Z,tbu001,TBU,11,Yes,1790171442
2026-09-23T13:51:09Z,dvc001,DVC,6,Yes,1790171442
2026-09-23T13:51:09Z,laa001,LAA,1,Yes,1790171442
2026-09-23T13:51:09Z,dt002,DT,136,Yes,1790171442
2026-09-23T13:51:09Z,utg001,UTG,10,Yes,1790171442
2026-09-23T13:51:09Z,hdr002,HDR,4,Yes,1790171442
2026-09-23T13:51:09Z,amrn002,AMRN,15,Yes,1790171442
2026-09-23T13:51:09Z,htn001,HTN,17,Yes,1790171442
2026-09-23T13:51:09Z,swk002,SWK,7,Yes,1790171442
2026-09-23T13:51:09Z,hgv003,HGV,10,Yes,1790171442
2026-09-23T13:51:09Z,zp001,ZP,41,Yes,1790171442
2026-09-23T13:51:09Z,Mth002,MTH,5,Unknown,1790171442
2026-09-23T13:51:09Z,Bd003,BD,84,Yes,1790171442
2026-09-23T13:51:09Z,vry001,VRY,7,Yes,1790171442
2026-09-23T13:51:09Z,bnn001,BNN,9,Yes,1790171442
2026-09-23T13:51:09Z,zbm002,ZBM,13,Yes,1790171442
2026-09-23T13:51:09Z,rat001,RAT,5,Yes,1790171442
2026-09-23T13:51:09Z,bn001,BN,11,Yes,1790171442
2026-09-23T13:51:09Z,drh001,DRH,6,Yes,1790171442
2026-09-23T13:51:09Z,Vss002,VSS,5,Unknown,1790171442
2026-09-23T13:51:09Z,nmh001,NMH,3,Yes,1790171442
2026-09-23T13:51:09Z,brd002,BRD,14,Yes,1790171442
2026-09-23T13:51:09Z,rh001,RH,6,Yes,1790171442
2026-09-23T13:51:09Z,gvc021,GVC,198,Yes,1790171442
2026-09-23T13:51:09Z,bd002,BD,29,Yes,1790171442
2026-09-23T13:51:09Z,asd008,ASD,140,Yes,1790171442
2026-09-23T13:51:09Z,asd009,BSLC,10,Yes,1790171442
2026-09-23T13:51:09Z,obd001,OBD,8,Yes,1790171442
2026-09-23T13:51:09Z,tl003,TL,8,Yes,1790171442
2026-09-23T13:51:09Z,gn004,GN,14,Yes,1790171442
2026-09-23T13:51:09Z,ow001,OW,8,Yes,1790171442
2026-09-23T13:51:09Z,gn001,GN,163,Yes,1790171442
2026-09-23T13:51:09Z,emn001,EMN,2,Unknown,1790171442
2026-09-23T13:51:09Z,utl001,UTLN,3,Yes,1790171442
2026-09-23T13:51:09Z,mt001,MT,92,Yes,1790171442
2026-09-23T13:51:09Z,mt003,MT,18,Yes,1790171442
2026-09-23T13:51:09Z,hr002,HR,10,Yes,1790171442
2026-09-23T13:51:09Z,kpn003,KPN,13,Yes,1790171442
2026-09-23T13:51:09Z,Vdm001,VDM,12,Yes,1790171442
2026-09-23T13:51:09Z,did001,DID,9,Yes,1790171442
2026-09-23T13:51:09Z,gd001,GD,61,Yes,1790171442
2026-09-23T13:51:09Z,had003,HAD,16,Yes,1790171442
2026-09-23T13:51:09Z,Rtd003,BSLC,4,Yes,1790171442
2026-09-23T13:51:09Z,Rtd004,BSLC,2,Yes,1790171442
2026-09-23T13:51:09Z,ekz001,EKZ,12,Unknown,1790171442
2026-09-23T13:51:09Z,hrt001,HRT,6,Yes,1790171442
2026-09-23T13:51:09Z,go001,GO,6,Yes,1790171442
2026-09-23T13:51:09Z,bnc001,BNC,5,Yes,1790171442
2026-09-23T13:51:09Z,ztmo001,ZTMO,5,Yes,1790171442
2026-09-23T13:51:09Z,Ot001,OT,7,Yes,1790171442
2026-09-23T13:51:09Z,DRON001,DRON,13,Yes,1790171442
2026-09-23T13:51:09Z,utlr001,UTLR,0,Yes,1790171442
2026-09-23T13:51:09Z,std002,STD,14,Yes,1790171442
2026-09-23T13:51:09Z,dmn001,DMN,4,Yes,1790171442
2026-09-23T13:51:09Z,asd010,ASD,182,Yes,1790171442
2026-09-23T13:51:09Z,hks001,HKS,6,Yes,1790171442
2026-09-23T13:51:09Z,wtv001,WTV,3,Yes,1790171442
2026-09-23T13:51:09Z,bsmz001,BSMZ,7,Yes,1790171442
2026-09-23T13:51:09Z,vp001,VP,2,Yes,1790171442
2026-09-23T13:51:09Z,lw001,LW,90,Yes,1790171442
2026-09-23T13:51:09Z,bnk001,BNK,5,Yes,1790171442
2026-09-23T13:51:09Z,mp002,MP,11,Yes,1790171442
2026-09-23T13:51:09Z,asa001,ASA,40,Yes,1790171442
2026-09-23T13:51:09Z,wt003,WT,9,Yes,1790171442
2026-09-23T13:51:09Z,ac002,AC,7,Unknown,1790171442
2026-09-23T13:51:09Z,o002,O,4,Yes,1790171442
2026-09-23T13:51:09Z,shl001,SHL,5,Yes,1790171442
2026-09-23T13:51:09Z,asd002,ASD,78,Yes,1790171442
2026-09-23T13:51:09Z,vtn001,VTN,2,Yes,1790171442
2026-09-23T13:51:09Z,hvs001,HVS,90,Yes,1790171442
2026-09-23T13:51:09Z,Hde001,HDE,3,Yes,1790171442
2026-09-23T13:51:09Z,dvn001,DVN,10,Yes,1790171442
2026-09-23T13:51:09Z,tbg001,TBG,5,Yes,1790171442
2026-09-23T13:51:09Z,ddr001,DDR,49,Yes,1790171442
2026-09-23T13:51:09Z,sptz001,SPTZ,7,Yes,1790171442
2026-09-23T13:51:09Z,tb003,TB,91,Yes,1790171442
2026-09-23T13:51:09Z,tb002,TB,13,Yes,1790171442
2026-09-23T13:51:09Z,bkl001,BKL,12,Yes,1790171442
2026-09-23T13:51:09Z,dvnk001,DVNK,3,Yes,1790171442
2026-09-23T13:51:09Z,bsd001,BSD,4,Yes,1790171442
2026-09-23T13:51:09Z,dn001,DN,6,Yes,1790171442
2026-09-23T13:51:09Z,rhn001,RHN,1,Yes,1790171442
2026-09-23T13:51:09Z,ztm003,ZTM,9,Yes,1790171442
2026-09-23T13:51:09Z,ost001,OST,4,Yes,1790171442
2026-09-23T13:51:09Z,mas003,MAS,21,Yes,1790171442
2026-09-23T13:51:09Z,amf002,AMF,12,Yes,1790171442
2026-09-23T13:51:09Z,apd001,APD,157,Yes,1790171442
2026-09-23T13:51:09Z,amf001,AMF,33,Yes,1790171442
2026-09-23T13:51:09Z,ut020,UT,176,Yes,1790171442
2026-09-23T13:51:09Z,alm001,ALM,17,Yes,1790171442
2026-09-23T13:51:09Z,dtc001,DTC,3,Yes,1790171442
2026-09-23T13:51:09Z,ZD002,ZD,33,Yes,1790171442
2026-09-23T13:51:09Z,Hto001,HTO,5,Yes,1790171442
2026-09-23T13:51:09Z,asn001,ASN,85,Yes,1790171442
2026-09-23T13:51:09Z,vs001,VS,16,Yes,1790171442
2026-09-23T13:51:09Z,es003,ES,82,Yes,1790171442
2026-09-23T13:51:09Z,hm001,HM,10,Yes,1790171442
2026-09-23T13:51:09Z,asdl001,ASDL,3,Yes,1790171442
2026-09-23T13:51:09Z,sdt001,SDT,0,Yes,1790171442
2026-09-23T13:51:09Z,vst001,VST,9,Yes,1790171442
2026-09-23T13:51:09Z,dmnz001,DMNZ,5,Yes,1790171442
2026-09-23T13:51:09Z,ktr001,KTR,1,Yes,1790171442
2026-09-23T13:51:09Z,Apg001,APG,4,Yes,1790171442
2026-09-23T13:51:09Z,ut903,BSLC,6,Yes,1790171442
2026-09-23T13:51:09Z,wc001,WC,1,Yes,1790171442
2026-09-23T13:51:09Z,est001,EST,4,Yes,1790171442
2026-09-23T13:51:09Z,ed004,ED,95,Yes,1790171442
2026-09-23T13:51:09Z,hgl002,HGL,14,Yes,1790171442
2026-09-23T13:51:09Z,mdb002,MDB,6,Yes,1790171442
2026-09-23T13:51:09Z,Mmlh002,MMLH,0,Yes,1790171442
